cidade,ano,0a1,1a2,2a3,3a4,4a5,5a6,6a7,7a8,8a9,9a10,acima10
AMERICANA,2015,4304.0,7780.0,9611.0,8857.0,9712.0,9673.0,8366.0,9885.0,9279.0,7195.0,80666.0
AMERICANA,2016,3328.0,5680.0,7974.0,9699.0,8874.0,9737.0,9548.0,8403.0,9852.0,9244.0,86724.0
AMERICANA,2017,4075.0,4377.0,5959.0,8101.0,9672.0,8862.0,9690.0,9528.0,8305.0,9716.0,94948.0
AMERICANA,2018,5157.0,5203.0,4632.0,6017.0,8057.0,9631.0,8789.0,9661.0,9442.0,8264.0,103249.0
AMERICANA,2019,5229.0,6631.0,5564.0,4704.0,6034.0,8038.0,9444.0,8691.0,9524.0,9232.0,110020.0
AMERICANA,2020,3851.0,6496.0,6883.0,5577.0,4710.0,5929.0,7872.0,9354.0,8628.0,9386.0,117788.0
AMERICANA,2021,4260.0,4696.0,6883.0,6875.0,5572.0,4665.0,5873.0,7738.0,9173.0,8441.0,125570.0
AMERICANA,2022,3884.0,4842.0,4916.0,7127.0,6944.0,5467.0,4645.0,5874.0,7674.0,9137.0,132850.0
ARACATUBA,2015,4829.0,7090.0,8475.0,8805.0,9407.0,8368.0,7542.0,9502.0,8448.0,6539.0,79465.0
ARACATUBA,2016,4136.0,5901.0,7224.0,8575.0,8787.0,9276.0,8280.0,7531.0,9367.0,8375.0,85525.0
ARACATUBA,2017,4431.0,5019.0,5969.0,7305.0,8488.0,8717.0,9028.0,8132.0,7341.0,9254.0,93011.0
ARACATUBA,2018,4728.0,5353.0,5079.0,5929.0,7268.0,8387.0,8564.0,8900.0,8002.0,7279.0,101255.0
ARACATUBA,2019,4508.0,5853.0,5481.0,4994.0,5834.0,7159.0,8219.0,8420.0,8761.0,7919.0,107414.0
ARACATUBA,2020,3506.0,5550.0,5888.0,5370.0,4843.0,5610.0,6980.0,8049.0,8209.0,8571.0,114000.0
ARACATUBA,2021,4299.0,4274.0,5655.0,5877.0,5376.0,4771.0,5511.0,6875.0,7972.0,8088.0,121594.0
ARACATUBA,2022,3997.0,4593.0,4316.0,5743.0,5783.0,5265.0,4718.0,5450.0,6794.0,7866.0,128353.0
ARARAQUARA,2015,4511.0,7332.0,9422.0,9485.0,9412.0,8807.0,7077.0,9006.0,7768.0,6231.0,88240.0
ARARAQUARA,2016,3860.0,5918.0,7589.0,8919.0,8629.0,9287.0,8642.0,6980.0,8970.0,7746.0,94037.0
ARARAQUARA,2017,4101.0,4904.0,5995.0,7420.0,8605.0,8502.0,9160.0,8640.0,6903.0,8897.0,101159.0
ARARAQUARA,2018,4591.0,5350.0,5050.0,5817.0,7340.0,8545.0,8394.0,9115.0,8600.0,6818.0,109580.0
ARARAQUARA,2019,4935.0,6003.0,5802.0,5017.0,5651.0,7217.0,8468.0,8337.0,9091.0,8543.0,115651.0
ARARAQUARA,2020,3132.0,6236.0,6409.0,5738.0,4828.0,5551.0,7114.0,8356.0,8367.0,9054.0,123191.0
ARARAQUARA,2021,4017.0,3833.0,6570.0,6448.0,5517.0,4682.0,5511.0,7025.0,8224.0,8342.0,131200.0
ARARAQUARA,2022,3874.0,4591.0,4063.0,6737.0,6432.0,5504.0,4651.0,5459.0,7004.0,8221.0,138799.0
BAURU,2015,7550.0,14338.0,17329.0,15874.0,16533.0,13972.0,12935.0,14553.0,13119.0,10087.0,124687.0
BAURU,2016,6191.0,9468.0,14517.0,17118.0,15654.0,16202.0,13595.0,12598.0,14214.0,12853.0,133292.0
BAURU,2017,6788.0,7949.0,9765.0,14408.0,16910.0,15342.0,15945.0,13439.0,12287.0,13991.0,145171.0
BAURU,2018,7508.0,8689.0,8161.0,9746.0,14243.0,16162.0,15199.0,15776.0,13312.0,12076.0,157746.0
BAURU,2019,8451.0,9705.0,9278.0,8240.0,9690.0,14016.0,15360.0,15002.0,15609.0,13152.0,168134.0
BAURU,2020,6128.0,10430.0,10331.0,9241.0,8150.0,9428.0,12693.0,14832.0,14378.0,14981.0,178714.0
BAURU,2021,6050.0,7576.0,11110.0,10437.0,9158.0,7776.0,9287.0,12456.0,14476.0,13780.0,191502.0
BAURU,2022,5728.0,6587.0,7923.0,11192.0,10350.0,9010.0,7555.0,9168.0,12094.0,14210.0,202836.0
CAMPINAS,2015,25216.0,42297.0,52080.0,50082.0,55875.0,50265.0,42112.0,44340.0,39471.0,30176.0,416653.0
CAMPINAS,2016,19890.0,31982.0,42078.0,50070.0,48463.0,53687.0,48388.0,40601.0,43044.0,38361.0,439762.0
CAMPINAS,2017,23514.0,25697.0,32725.0,41504.0,48146.0,46806.0,51988.0,46744.0,39399.0,42100.0,472114.0
CAMPINAS,2018,26051.0,29564.0,26313.0,32506.0,40381.0,46182.0,45215.0,50499.0,45424.0,38037.0,508383.0
CAMPINAS,2019,27937.0,32885.0,30666.0,26126.0,31576.0,38698.0,44351.0,43746.0,48930.0,43983.0,539835.0
CAMPINAS,2020,16992.0,33535.0,33643.0,29708.0,25043.0,30036.0,37211.0,42484.0,42051.0,47278.0,575875.0
CAMPINAS,2021,21455.0,20662.0,34322.0,32983.0,28611.0,24027.0,28934.0,35854.0,40842.0,40847.0,616809.0
CAMPINAS,2022,21651.0,23243.0,21178.0,34500.0,32453.0,28034.0,23428.0,28135.0,35164.0,39958.0,651622.0
CARAPICUIBA,2015,2518.0,4852.0,6133.0,6808.0,9040.0,9416.0,8314.0,11041.0,10642.0,7967.0,99848.0
CARAPICUIBA,2016,1825.0,3421.0,5233.0,6675.0,7330.0,9649.0,9886.0,8663.0,11397.0,10755.0,107453.0
CARAPICUIBA,2017,2141.0,2629.0,3850.0,5741.0,7304.0,7880.0,10298.0,10334.0,8947.0,11619.0,117688.0
CARAPICUIBA,2018,2709.0,2964.0,2999.0,4355.0,6179.0,7782.0,8273.0,10579.0,10537.0,9142.0,128791.0
CARAPICUIBA,2019,3084.0,3878.0,3617.0,3398.0,4908.0,6722.0,8252.0,8675.0,10989.0,10781.0,137322.0
CARAPICUIBA,2020,2282.0,3993.0,4428.0,3979.0,3705.0,5271.0,6980.0,8475.0,8849.0,11084.0,146553.0
CARAPICUIBA,2021,3012.0,2860.0,4420.0,4730.0,4252.0,3891.0,5429.0,7253.0,8684.0,8882.0,156432.0
CARAPICUIBA,2022,2702.0,3242.0,3109.0,4761.0,4979.0,4444.0,4049.0,5622.0,7351.0,8744.0,164486.0
CATANDUVA,2015,2329.0,3760.0,4936.0,4847.0,5404.0,4972.0,4482.0,5713.0,4717.0,3967.0,54353.0
CATANDUVA,2016,1954.0,2879.0,3831.0,4899.0,4854.0,5385.0,4937.0,4473.0,5691.0,4690.0,57956.0
CATANDUVA,2017,2352.0,2430.0,2931.0,3857.0,4871.0,4846.0,5293.0,4827.0,4424.0,5669.0,62045.0
CATANDUVA,2018,2912.0,2861.0,2508.0,2964.0,3885.0,4768.0,4725.0,5249.0,4744.0,4415.0,67104.0
CATANDUVA,2019,2863.0,3473.0,2917.0,2560.0,2994.0,3868.0,4785.0,4697.0,5196.0,4709.0,71056.0
CATANDUVA,2020,2299.0,3373.0,3420.0,2895.0,2504.0,2925.0,3857.0,4757.0,4659.0,5126.0,75131.0
CATANDUVA,2021,2560.0,2637.0,3334.0,3322.0,2848.0,2436.0,2945.0,3832.0,4691.0,4629.0,79111.0
CATANDUVA,2022,2176.0,2690.0,2618.0,3304.0,3365.0,2850.0,2402.0,2938.0,3797.0,4687.0,83143.0
CORDEIROPOLIS,2015,316.0,534.0,645.0,618.0,823.0,870.0,656.0,763.0,714.0,635.0,8204.0
CORDEIROPOLIS,2016,247.0,411.0,559.0,661.0,631.0,843.0,830.0,679.0,785.0,745.0,8821.0
CORDEIROPOLIS,2017,337.0,314.0,413.0,557.0,706.0,633.0,868.0,813.0,720.0,802.0,9576.0
CORDEIROPOLIS,2018,417.0,390.0,304.0,424.0,588.0,773.0,675.0,897.0,833.0,741.0,10394.0
CORDEIROPOLIS,2019,462.0,568.0,417.0,327.0,449.0,608.0,828.0,690.0,960.0,881.0,11287.0
CORDEIROPOLIS,2020,320.0,565.0,568.0,427.0,337.0,476.0,629.0,857.0,735.0,948.0,12232.0
CORDEIROPOLIS,2021,517.0,401.0,583.0,589.0,431.0,348.0,498.0,677.0,875.0,751.0,13221.0
CORDEIROPOLIS,2022,491.0,569.0,431.0,600.0,609.0,427.0,362.0,489.0,694.0,878.0,14094.0
CUBATAO,2015,1191.0,2248.0,3055.0,2560.0,3572.0,3825.0,2705.0,3654.0,3221.0,2417.0,24714.0
CUBATAO,2016,826.0,1491.0,2295.0,2967.0,2581.0,3554.0,3719.0,2698.0,3603.0,3216.0,27174.0
CUBATAO,2017,892.0,1056.0,1564.0,2228.0,2842.0,2581.0,3499.0,3621.0,2653.0,3574.0,30280.0
CUBATAO,2018,1266.0,1159.0,1083.0,1546.0,2201.0,2819.0,2562.0,3456.0,3521.0,2634.0,33738.0
CUBATAO,2019,1249.0,1575.0,1279.0,1136.0,1575.0,2228.0,2820.0,2580.0,3357.0,3533.0,36213.0
CUBATAO,2020,1069.0,1572.0,1726.0,1373.0,1171.0,1611.0,2303.0,2822.0,2674.0,3457.0,39947.0
CUBATAO,2021,1305.0,1180.0,1629.0,1767.0,1418.0,1235.0,1655.0,2285.0,2759.0,2607.0,42986.0
CUBATAO,2022,1162.0,1380.0,1217.0,1681.0,1754.0,1439.0,1231.0,1614.0,2246.0,2760.0,44996.0
DIADEMA,2015,3735.0,6021.0,7322.0,7793.0,10619.0,9948.0,8723.0,12344.0,11226.0,8549.0,105845.0
DIADEMA,2016,2548.0,4752.0,6272.0,7582.0,8112.0,10986.0,10178.0,8973.0,12600.0,11305.0,113890.0
DIADEMA,2017,3428.0,3211.0,5030.0,6637.0,8062.0,8574.0,11407.0,10543.0,9212.0,12743.0,124284.0
DIADEMA,2018,4164.0,4241.0,3515.0,5300.0,7014.0,8414.0,8927.0,11720.0,10730.0,9341.0,136457.0
DIADEMA,2019,4191.0,5341.0,4695.0,3734.0,5467.0,7438.0,8793.0,9224.0,11924.0,10882.0,144668.0
DIADEMA,2020,3047.0,5252.0,5735.0,4923.0,3859.0,5645.0,7544.0,8866.0,9242.0,11865.0,154181.0
DIADEMA,2021,4527.0,3681.0,5511.0,5956.0,5039.0,4003.0,5826.0,7691.0,8876.0,9411.0,164566.0
DIADEMA,2022,4304.0,4968.0,3913.0,5812.0,6171.0,5214.0,4171.0,5973.0,7787.0,9028.0,173745.0
FRANCA,2015,4828.0,7959.0,9606.0,10957.0,12086.0,11175.0,9948.0,12708.0,11592.0,9961.0,136669.0
FRANCA,2016,3549.0,6003.0,8428.0,10057.0,11431.0,12365.0,11466.0,10178.0,12932.0,11780.0,146094.0
FRANCA,2017,4363.0,4484.0,6392.0,8971.0,10504.0,11824.0,12680.0,11724.0,10468.0,13262.0,157525.0
FRANCA,2018,5410.0,5366.0,4734.0,6649.0,9351.0,10882.0,12242.0,12953.0,12047.0,10801.0,170286.0
FRANCA,2019,5688.0,6487.0,5625.0,4966.0,6935.0,9677.0,11287.0,12490.0,13256.0,12283.0,180553.0
FRANCA,2020,3745.0,6765.0,6700.0,5754.0,5190.0,7057.0,9764.0,11442.0,12565.0,13331.0,191416.0
FRANCA,2021,4484.0,4702.0,6996.0,6796.0,5917.0,5365.0,7160.0,9916.0,11714.0,12813.0,203865.0
FRANCA,2022,4413.0,5075.0,4887.0,7291.0,7055.0,6149.0,5476.0,7242.0,10059.0,11926.0,216682.0
GUARATINGUETA,2015,1891.0,3157.0,3344.0,3611.0,3770.0,3539.0,3155.0,3685.0,3158.0,2310.0,33455.0
GUARATINGUETA,2016,1327.0,2450.0,3307.0,3471.0,3632.0,3833.0,3468.0,3160.0,3687.0,3188.0,35814.0
GUARATINGUETA,2017,1763.0,1926.0,2652.0,3412.0,3508.0,3612.0,3864.0,3523.0,3161.0,3658.0,38912.0
GUARATINGUETA,2018,2016.0,2268.0,2075.0,2692.0,3383.0,3510.0,3588.0,3816.0,3550.0,3170.0,42470.0
GUARATINGUETA,2019,2048.0,2596.0,2392.0,2091.0,2677.0,3387.0,3534.0,3574.0,3830.0,3581.0,45670.0
GUARATINGUETA,2020,1398.0,2550.0,2728.0,2376.0,2063.0,2659.0,3388.0,3518.0,3577.0,3814.0,49227.0
GUARATINGUETA,2021,1481.0,1643.0,2632.0,2672.0,2336.0,1976.0,2597.0,3264.0,3451.0,3508.0,52595.0
GUARATINGUETA,2022,1326.0,1613.0,1726.0,2630.0,2626.0,2304.0,1941.0,2576.0,3269.0,3401.0,55899.0
GUARUJA,2015,4331.0,7237.0,7806.0,7725.0,8884.0,8666.0,7081.0,8708.0,8370.0,6158.0,51904.0
GUARUJA,2016,3326.0,5522.0,7365.0,7867.0,7813.0,8869.0,8607.0,6897.0,8558.0,8152.0,57852.0
GUARUJA,2017,3683.0,4267.0,5608.0,7389.0,7958.0,7824.0,8794.0,8524.0,6764.0,8397.0,65623.0
GUARUJA,2018,4094.0,4538.0,4323.0,5642.0,7322.0,7914.0,7761.0,8662.0,8354.0,6661.0,73561.0
GUARUJA,2019,5015.0,5416.0,4690.0,4362.0,5689.0,7341.0,7718.0,7710.0,8485.0,8150.0,79550.0
GUARUJA,2020,3758.0,6171.0,5700.0,4731.0,4444.0,5709.0,7302.0,7685.0,7626.0,8392.0,86917.0
GUARUJA,2021,5053.0,4414.0,6444.0,5820.0,4819.0,4398.0,5663.0,7181.0,7584.0,7447.0,94239.0
GUARUJA,2022,4128.0,5327.0,4492.0,6392.0,5829.0,4769.0,4381.0,5564.0,7000.0,7382.0,100544.0
GUARULHOS,2015,12622.0,23646.0,27690.0,28118.0,37040.0,35888.0,29921.0,36703.0,32429.0,25584.0,326778.0
GUARULHOS,2016,9649.0,16854.0,25148.0,28505.0,29104.0,37789.0,36368.0,30503.0,37022.0,32321.0,350767.0
GUARULHOS,2017,11814.0,13744.0,18608.0,25832.0,29251.0,29802.0,38355.0,36745.0,30799.0,36987.0,381785.0
GUARULHOS,2018,14401.0,16300.0,15197.0,19391.0,26460.0,29827.0,30296.0,38803.0,36712.0,31043.0,417745.0
GUARULHOS,2019,16333.0,20047.0,18548.0,15914.0,20265.0,27128.0,30496.0,30858.0,39076.0,36889.0,447570.0
GUARULHOS,2020,11095.0,20959.0,21766.0,19104.0,16381.0,20693.0,27389.0,30756.0,31002.0,39122.0,483083.0
GUARULHOS,2021,14305.0,13681.0,22501.0,22144.0,19629.0,16477.0,21100.0,27734.0,31006.0,31286.0,522167.0
GUARULHOS,2022,13626.0,16154.0,14662.0,23225.0,22639.0,19951.0,16751.0,21476.0,28047.0,31423.0,553126.0
JABOTICABAL,2015,1299.0,2292.0,2882.0,3072.0,3123.0,2536.0,2184.0,2648.0,2602.0,2130.0,27932.0
JABOTICABAL,2016,1215.0,1652.0,2293.0,2829.0,2975.0,3033.0,2487.0,2121.0,2652.0,2580.0,30004.0
JABOTICABAL,2017,1325.0,1477.0,1662.0,2273.0,2760.0,2920.0,3010.0,2506.0,2110.0,2648.0,32579.0
JABOTICABAL,2018,1453.0,1566.0,1496.0,1652.0,2207.0,2718.0,2854.0,3000.0,2480.0,2111.0,35070.0
JABOTICABAL,2019,1685.0,1742.0,1567.0,1442.0,1663.0,2174.0,2674.0,2793.0,3026.0,2467.0,37039.0
JABOTICABAL,2020,1219.0,1987.0,1784.0,1581.0,1441.0,1648.0,2134.0,2643.0,2760.0,3037.0,39607.0
JABOTICABAL,2021,1359.0,1365.0,1978.0,1788.0,1568.0,1428.0,1590.0,2080.0,2557.0,2650.0,42352.0
JABOTICABAL,2022,1260.0,1454.0,1338.0,1988.0,1783.0,1534.0,1397.0,1587.0,2112.0,2544.0,44763.0
JACAREI,2015,2298.0,4392.0,5290.0,5361.0,6776.0,6635.0,5724.0,6922.0,5825.0,4505.0,69473.0
JACAREI,2016,1716.0,3176.0,4654.0,5469.0,5540.0,7002.0,6865.0,5850.0,7017.0,5855.0,73837.0
JACAREI,2017,1916.0,2478.0,3532.0,4822.0,5718.0,5743.0,7189.0,7035.0,6008.0,7100.0,79553.0
JACAREI,2018,2574.0,2704.0,2775.0,3733.0,5119.0,5939.0,5913.0,7302.0,7110.0,6152.0,86469.0
JACAREI,2019,2594.0,3490.0,3121.0,3045.0,3941.0,5286.0,6138.0,6109.0,7435.0,7251.0,92388.0
JACAREI,2020,1845.0,3456.0,3841.0,3380.0,3213.0,4090.0,5455.0,6234.0,6206.0,7595.0,99698.0
JACAREI,2021,2404.0,2365.0,3969.0,4037.0,3542.0,3327.0,4271.0,5644.0,6337.0,6178.0,106905.0
JACAREI,2022,2677.0,2796.0,2473.0,4231.0,4343.0,3662.0,3426.0,4394.0,5818.0,6428.0,112930.0
JAU,2015,2002.0,3620.0,4356.0,4380.0,5769.0,5233.0,4787.0,5550.0,5118.0,4244.0,51178.0
JAU,2016,1826.0,2609.0,3757.0,4436.0,4429.0,5713.0,5194.0,4702.0,5519.0,5059.0,54983.0
JAU,2017,2030.0,2248.0,2749.0,3825.0,4554.0,4546.0,5626.0,5154.0,4689.0,5499.0,59631.0
JAU,2018,2490.0,2570.0,2346.0,2743.0,3843.0,4532.0,4561.0,5618.0,5145.0,4676.0,64662.0
JAU,2019,2491.0,3081.0,2681.0,2408.0,2742.0,3899.0,4561.0,4547.0,5581.0,5080.0,68776.0
JAU,2020,2027.0,3134.0,3126.0,2708.0,2431.0,2792.0,3884.0,4496.0,4500.0,5491.0,73286.0
JAU,2021,2109.0,2431.0,3245.0,3119.0,2650.0,2376.0,2783.0,3808.0,4418.0,4406.0,78122.0
JAU,2022,1886.0,2341.0,2464.0,3268.0,3118.0,2615.0,2382.0,2756.0,3764.0,4394.0,81926.0
JUNDIAI,2015,9474.0,15070.0,18233.0,17400.0,20762.0,18105.0,15306.0,16378.0,14808.0,11648.0,143993.0
JUNDIAI,2016,7269.0,12330.0,15539.0,18048.0,17268.0,20348.0,17632.0,14911.0,16051.0,14508.0,153021.0
JUNDIAI,2017,8883.0,9557.0,12769.0,15701.0,17792.0,16895.0,19907.0,17322.0,14554.0,15736.0,164931.0
JUNDIAI,2018,10826.0,11613.0,9943.0,12789.0,15593.0,17474.0,16553.0,19411.0,16837.0,14169.0,177755.0
JUNDIAI,2019,11099.0,14039.0,12419.0,10012.0,12552.0,15124.0,16918.0,15908.0,18637.0,16279.0,188665.0
JUNDIAI,2020,7134.0,14021.0,14604.0,12300.0,9823.0,12152.0,14627.0,16322.0,15406.0,17967.0,201747.0
JUNDIAI,2021,9147.0,8863.0,15025.0,14785.0,12052.0,9520.0,11871.0,14261.0,16033.0,15111.0,216829.0
JUNDIAI,2022,8788.0,10314.0,9299.0,15294.0,14828.0,11932.0,9314.0,11686.0,14011.0,15851.0,229385.0
LIMEIRA,2015,4309.0,7799.0,9808.0,9497.0,11075.0,10457.0,8985.0,11149.0,10228.0,8344.0,105980.0
LIMEIRA,2016,3508.0,5696.0,7973.0,9811.0,9620.0,11136.0,10505.0,9029.0,11103.0,10243.0,113447.0
LIMEIRA,2017,4218.0,4769.0,5905.0,7950.0,9941.0,9698.0,11242.0,10670.0,9125.0,11214.0,123232.0
LIMEIRA,2018,5475.0,5310.0,4977.0,5855.0,8181.0,10046.0,9771.0,11386.0,10774.0,9197.0,133800.0
LIMEIRA,2019,5840.0,6775.0,5577.0,5094.0,6080.0,8402.0,10258.0,9944.0,11472.0,10840.0,142105.0
LIMEIRA,2020,4310.0,7200.0,7039.0,5623.0,5124.0,6102.0,8371.0,10248.0,9886.0,11414.0,151351.0
LIMEIRA,2021,5368.0,5300.0,7553.0,7263.0,5900.0,5218.0,6246.0,8560.0,10363.0,9937.0,161758.0
LIMEIRA,2022,5043.0,5853.0,5464.0,7793.0,7368.0,6002.0,5274.0,6317.0,8623.0,10286.0,170818.0
MARILIA,2015,4391.0,7092.0,8272.0,8390.0,9107.0,8035.0,7566.0,8580.0,6805.0,5398.0,77625.0
MARILIA,2016,3773.0,5435.0,7147.0,8269.0,8344.0,9062.0,7998.0,7565.0,8538.0,6810.0,82667.0
MARILIA,2017,4611.0,4906.0,5529.0,7088.0,8225.0,8265.0,8870.0,7858.0,7495.0,8504.0,89068.0
MARILIA,2018,5449.0,5858.0,4895.0,5471.0,7000.0,8013.0,8131.0,8822.0,7799.0,7446.0,96933.0
MARILIA,2019,5600.0,6848.0,5957.0,4837.0,5404.0,6900.0,7899.0,8025.0,8652.0,7746.0,103683.0
MARILIA,2020,4069.0,6965.0,6877.0,5836.0,4737.0,5330.0,6783.0,7801.0,7918.0,8546.0,110648.0
MARILIA,2021,4640.0,4811.0,7188.0,6732.0,5628.0,4651.0,5324.0,6717.0,7826.0,7955.0,118188.0
MARILIA,2022,4228.0,4919.0,4841.0,7245.0,6581.0,5483.0,4545.0,5232.0,6662.0,7730.0,125336.0
MAUA,2015,3530.0,6144.0,7421.0,7414.0,9738.0,9881.0,8341.0,11139.0,9564.0,7756.0,120694.0
MAUA,2016,2534.0,4562.0,6459.0,7614.0,7860.0,10233.0,10242.0,8644.0,11506.0,9948.0,128855.0
MAUA,2017,3235.0,3289.0,4923.0,6825.0,8173.0,8221.0,10642.0,10673.0,8958.0,11792.0,139353.0
MAUA,2018,4260.0,4134.0,3643.0,5074.0,7074.0,8350.0,8618.0,11051.0,11017.0,9236.0,151752.0
MAUA,2019,4421.0,5463.0,4565.0,3874.0,5353.0,7464.0,8784.0,9081.0,11570.0,11299.0,161245.0
MAUA,2020,3135.0,5317.0,5728.0,4781.0,4113.0,5615.0,7752.0,9060.0,9296.0,11807.0,172873.0
MAUA,2021,3843.0,3663.0,5583.0,5823.0,4956.0,4316.0,5863.0,8009.0,9270.0,9617.0,184925.0
MAUA,2022,3099.0,4022.0,3802.0,5776.0,5992.0,5151.0,4401.0,6075.0,8014.0,9437.0,194294.0
MOGI DAS CRUZES,2015,6072.0,11717.0,14049.0,12123.0,13567.0,12430.0,10044.0,11703.0,10423.0,7907.0,107730.0
MOGI DAS CRUZES,2016,4885.0,8244.0,11921.0,13967.0,11940.0,13463.0,12392.0,10041.0,11689.0,10426.0,115426.0
MOGI DAS CRUZES,2017,6102.0,6727.0,8764.0,11599.0,13429.0,11743.0,13485.0,12377.0,10110.0,11754.0,125735.0
MOGI DAS CRUZES,2018,6945.0,7933.0,7200.0,8784.0,11494.0,13023.0,11520.0,13305.0,12348.0,10189.0,137664.0
MOGI DAS CRUZES,2019,7894.0,9351.0,8486.0,7219.0,8586.0,11284.0,12467.0,11495.0,13174.0,12376.0,147591.0
MOGI DAS CRUZES,2020,5991.0,9973.0,9806.0,8481.0,7082.0,8552.0,11237.0,12280.0,11380.0,13037.0,160061.0
MOGI DAS CRUZES,2021,8953.0,6997.0,10485.0,9688.0,8367.0,6873.0,8326.0,11048.0,12204.0,11333.0,172997.0
MOGI DAS CRUZES,2022,8567.0,10284.0,7366.0,10649.0,9615.0,8290.0,6817.0,8214.0,10912.0,12133.0,183931.0
OSASCO,2015,8788.0,15768.0,18328.0,19656.0,24169.0,23236.0,20332.0,24264.0,21759.0,16926.0,208521.0
OSASCO,2016,6255.0,11315.0,16012.0,18558.0,19959.0,24281.0,23331.0,20385.0,24198.0,21461.0,222865.0
OSASCO,2017,7277.0,8337.0,12102.0,16430.0,19095.0,20167.0,24181.0,23346.0,20089.0,23849.0,240879.0
OSASCO,2018,9329.0,9741.0,9103.0,12736.0,16880.0,19270.0,20130.0,24289.0,23197.0,19777.0,260975.0
OSASCO,2019,9750.0,12532.0,10990.0,9672.0,13486.0,17148.0,19413.0,19936.0,24094.0,22767.0,276758.0
OSASCO,2020,6926.0,12376.0,13431.0,11347.0,10021.0,13748.0,17251.0,19325.0,19857.0,23924.0,295850.0
OSASCO,2021,8083.0,8459.0,13385.0,13776.0,11612.0,10176.0,13713.0,17089.0,19122.0,19497.0,314828.0
OSASCO,2022,7045.0,8908.0,8922.0,13905.0,14056.0,11862.0,10274.0,13559.0,17101.0,19161.0,331611.0
PAULINIA,2015,2179.0,3885.0,4576.0,4179.0,4788.0,4243.0,3572.0,3984.0,3536.0,2657.0,30561.0
PAULINIA,2016,1838.0,2770.0,4016.0,4602.0,4122.0,4670.0,4182.0,3572.0,3919.0,3518.0,33293.0
PAULINIA,2017,2150.0,2286.0,2834.0,3954.0,4555.0,4046.0,4650.0,4195.0,3515.0,3853.0,36751.0
PAULINIA,2018,2870.0,2669.0,2316.0,2838.0,3901.0,4469.0,4074.0,4615.0,4173.0,3642.0,40748.0
PAULINIA,2019,2853.0,3507.0,2786.0,2319.0,2850.0,3771.0,4335.0,3918.0,4523.0,4183.0,44269.0
PAULINIA,2020,1701.0,3671.0,3585.0,2859.0,2326.0,2858.0,3741.0,4231.0,3852.0,4436.0,48065.0
PAULINIA,2021,2361.0,2149.0,3784.0,3601.0,2864.0,2287.0,2775.0,3671.0,4225.0,3803.0,52254.0
PAULINIA,2022,2181.0,2594.0,2229.0,3852.0,3564.0,2834.0,2249.0,2803.0,3662.0,4161.0,56175.0
PIRACICABA,2015,6917.0,11791.0,15117.0,15574.0,17137.0,14919.0,12676.0,15841.0,14192.0,10447.0,147123.0
PIRACICABA,2016,6131.0,8766.0,12022.0,15194.0,15396.0,16800.0,14659.0,12496.0,15574.0,14053.0,156514.0
PIRACICABA,2017,7083.0,7850.0,9091.0,12013.0,15041.0,15204.0,16625.0,14551.0,12440.0,15332.0,169352.0
PIRACICABA,2018,8589.0,8945.0,8036.0,9204.0,11962.0,14939.0,15071.0,16515.0,14391.0,12338.0,183789.0
PIRACICABA,2019,9554.0,10900.0,9316.0,8008.0,9179.0,12038.0,14835.0,14935.0,16359.0,14254.0,195084.0
PIRACICABA,2020,6968.0,11430.0,11159.0,9309.0,7903.0,9088.0,11944.0,14524.0,14734.0,16192.0,208329.0
PIRACICABA,2021,7478.0,8089.0,11646.0,10981.0,9022.0,7628.0,8893.0,11716.0,14275.0,14423.0,222014.0
PIRACICABA,2022,7892.0,8160.0,8309.0,11763.0,10984.0,8997.0,7562.0,8871.0,11670.0,14158.0,235618.0
PRESIDENTE PRUDENTE,2015,4813.0,7295.0,8853.0,8720.0,9930.0,8993.0,7900.0,9166.0,6992.0,5661.0,77389.0
PRESIDENTE PRUDENTE,2016,3727.0,6035.0,7734.0,8921.0,8798.0,9869.0,8903.0,7847.0,9113.0,6993.0,82791.0
PRESIDENTE PRUDENTE,2017,4253.0,4903.0,6319.0,7805.0,8837.0,8714.0,9725.0,8761.0,7785.0,9111.0,89319.0
PRESIDENTE PRUDENTE,2018,4678.0,5443.0,5129.0,6431.0,7807.0,8817.0,8568.0,9593.0,8636.0,7609.0,97709.0
PRESIDENTE PRUDENTE,2019,4849.0,5951.0,5918.0,5125.0,6368.0,7677.0,8776.0,8362.0,9302.0,8393.0,104204.0
PRESIDENTE PRUDENTE,2020,3535.0,6118.0,6373.0,5910.0,5015.0,6228.0,7522.0,8534.0,8158.0,9021.0,111201.0
PRESIDENTE PRUDENTE,2021,4088.0,4201.0,6604.0,6332.0,5774.0,4854.0,5994.0,7296.0,8259.0,7941.0,118454.0
PRESIDENTE PRUDENTE,2022,3858.0,4471.0,4498.0,6719.0,6242.0,5699.0,4732.0,5883.0,7118.0,8096.0,125070.0
RIBEIRAO PRETO,2015,17180.0,27562.0,31280.0,31664.0,34539.0,31077.0,25318.0,28941.0,24531.0,18721.0,223676.0
RIBEIRAO PRETO,2016,15056.0,20784.0,26755.0,30413.0,30660.0,33292.0,29776.0,24386.0,27985.0,23767.0,239475.0
RIBEIRAO PRETO,2017,16891.0,18320.0,20184.0,26171.0,29418.0,29611.0,32110.0,28805.0,23604.0,27090.0,259613.0
RIBEIRAO PRETO,2018,20680.0,20230.0,17760.0,19790.0,25534.0,28467.0,28686.0,31123.0,27927.0,22809.0,283047.0
RIBEIRAO PRETO,2019,20244.0,24795.0,19755.0,17317.0,19357.0,24796.0,27425.0,27633.0,30155.0,27076.0,302159.0
RIBEIRAO PRETO,2020,13196.0,24215.0,24151.0,19162.0,16592.0,18760.0,23868.0,26536.0,26703.0,29241.0,324719.0
RIBEIRAO PRETO,2021,16637.0,15236.0,24034.0,23730.0,18843.0,16068.0,18124.0,23186.0,25688.0,25991.0,349177.0
RIBEIRAO PRETO,2022,16146.0,17776.0,15265.0,24040.0,23408.0,18452.0,15706.0,17806.0,22630.0,25217.0,370785.0
RIO CLARO,2015,3808.0,6289.0,7238.0,7829.0,8754.0,7706.0,6634.0,8376.0,7876.0,6156.0,83298.0
RIO CLARO,2016,3002.0,4788.0,6404.0,7466.0,7997.0,8907.0,7856.0,6705.0,8357.0,7869.0,89132.0
RIO CLARO,2017,3333.0,3738.0,4980.0,6593.0,7727.0,8103.0,9045.0,7858.0,6744.0,8395.0,96410.0
RIO CLARO,2018,4064.0,4217.0,3844.0,5106.0,6743.0,7832.0,8213.0,9073.0,7981.0,6770.0,104292.0
RIO CLARO,2019,4232.0,5151.0,4407.0,4006.0,5211.0,6820.0,7891.0,8289.0,9042.0,8015.0,110323.0
RIO CLARO,2020,2697.0,5274.0,5411.0,4535.0,4078.0,5283.0,6847.0,7867.0,8219.0,8901.0,117420.0
RIO CLARO,2021,3803.0,3534.0,5527.0,5499.0,4640.0,4113.0,5266.0,6836.0,7880.0,8137.0,125211.0
RIO CLARO,2022,3263.0,4237.0,3776.0,5725.0,5542.0,4621.0,4121.0,5233.0,6795.0,7872.0,132272.0
SANTA GERTRUDES,2015,313.0,562.0,669.0,678.0,843.0,744.0,728.0,877.0,764.0,612.0,7628.0
SANTA GERTRUDES,2016,241.0,434.0,574.0,706.0,702.0,873.0,777.0,738.0,896.0,769.0,8223.0
SANTA GERTRUDES,2017,278.0,319.0,454.0,587.0,733.0,753.0,903.0,832.0,735.0,904.0,8898.0
SANTA GERTRUDES,2018,349.0,325.0,312.0,468.0,604.0,806.0,791.0,969.0,827.0,739.0,9748.0
SANTA GERTRUDES,2019,390.0,435.0,364.0,333.0,492.0,665.0,831.0,829.0,992.0,886.0,10552.0
SANTA GERTRUDES,2020,328.0,467.0,460.0,385.0,361.0,509.0,695.0,842.0,857.0,1005.0,11507.0
SANTA GERTRUDES,2021,415.0,396.0,502.0,505.0,418.0,355.0,516.0,710.0,867.0,877.0,12599.0
SANTA GERTRUDES,2022,337.0,441.0,406.0,471.0,501.0,417.0,354.0,534.0,718.0,881.0,13444.0
SANTO ANDRE,2015,12560.0,19979.0,24087.0,23838.0,27595.0,25989.0,21612.0,25310.0,21866.0,16867.0,278050.0
SANTO ANDRE,2016,9460.0,15937.0,20385.0,23848.0,23481.0,27197.0,25490.0,21264.0,25067.0,21522.0,290558.0
SANTO ANDRE,2017,11915.0,12041.0,16474.0,20189.0,23514.0,23126.0,26866.0,25037.0,20976.0,24801.0,308130.0
SANTO ANDRE,2018,14944.0,14730.0,12375.0,16173.0,19915.0,23052.0,22774.0,26573.0,24661.0,20725.0,328841.0
SANTO ANDRE,2019,14520.0,18249.0,15211.0,12431.0,15991.0,19706.0,22852.0,22615.0,26270.0,24272.0,345843.0
SANTO ANDRE,2020,9504.0,17630.0,18520.0,14814.0,12293.0,15754.0,19337.0,22338.0,22190.0,25934.0,366101.0
SANTO ANDRE,2021,11097.0,10978.0,18175.0,18381.0,14736.0,12252.0,15506.0,19256.0,22185.0,22040.0,387694.0
SANTO ANDRE,2022,9976.0,12178.0,11375.0,18686.0,18824.0,15007.0,12396.0,15592.0,19409.0,22343.0,408498.0
SANTOS,2015,11168.0,17118.0,20095.0,18983.0,19647.0,17310.0,14052.0,15560.0,13495.0,10373.0,111894.0
SANTOS,2016,9027.0,13935.0,16892.0,19061.0,17540.0,18063.0,15773.0,12920.0,14417.0,12574.0,119518.0
SANTOS,2017,10186.0,11368.0,14027.0,16080.0,17695.0,16085.0,16645.0,14373.0,11812.0,13417.0,129006.0
SANTOS,2018,12184.0,12599.0,11245.0,13186.0,14995.0,16298.0,14794.0,15398.0,13240.0,10835.0,138812.0
SANTOS,2019,11801.0,14796.0,12449.0,10425.0,12023.0,13760.0,14854.0,13500.0,14244.0,12193.0,145718.0
SANTOS,2020,8345.0,14274.0,14719.0,11689.0,9639.0,11092.0,12759.0,13876.0,12527.0,13346.0,154477.0
SANTOS,2021,9583.0,9694.0,14553.0,14024.0,10853.0,8832.0,10137.0,11797.0,12889.0,11602.0,163393.0
SANTOS,2022,8500.0,10490.0,9749.0,14313.0,13456.0,10230.0,8168.0,9581.0,11229.0,12262.0,171840.0
SAO BERNARDO DO CAMPO,2015,16870.0,27749.0,31027.0,29459.0,35276.0,32517.0,26953.0,32291.0,26801.0,20556.0,281411.0
SAO BERNARDO DO CAMPO,2016,12362.0,20393.0,27121.0,29671.0,28588.0,34587.0,31808.0,26428.0,31671.0,26337.0,298392.0
SAO BERNARDO DO CAMPO,2017,15396.0,15306.0,20217.0,26048.0,28648.0,27959.0,33950.0,31143.0,25731.0,31144.0,320319.0
SAO BERNARDO DO CAMPO,2018,19102.0,18619.0,15321.0,19431.0,24934.0,27818.0,27387.0,33127.0,30482.0,25277.0,347121.0
SAO BERNARDO DO CAMPO,2019,18429.0,22512.0,18326.0,14484.0,18809.0,23950.0,27082.0,26877.0,32525.0,29677.0,367719.0
SAO BERNARDO DO CAMPO,2020,10915.0,22067.0,21679.0,17737.0,13930.0,18282.0,23220.0,26358.0,26355.0,31794.0,392908.0
SAO BERNARDO DO CAMPO,2021,13848.0,12705.0,21741.0,20799.0,17331.0,13452.0,17755.0,22628.0,25763.0,25576.0,418395.0
SAO BERNARDO DO CAMPO,2022,20617.0,15377.0,13676.0,23224.0,20832.0,17239.0,13403.0,17608.0,22514.0,25281.0,439394.0
SAO CAETANO DO SUL,2015,6571.0,8590.0,9369.0,8438.0,9386.0,8118.0,6783.0,7156.0,5616.0,4335.0,63159.0
SAO CAETANO DO SUL,2016,4871.0,8029.0,7981.0,8699.0,7902.0,8708.0,7583.0,6296.0,6828.0,5384.0,65880.0
SAO CAETANO DO SUL,2017,5768.0,6420.0,6950.0,7392.0,8080.0,7421.0,8280.0,7136.0,5974.0,6483.0,69487.0
SAO CAETANO DO SUL,2018,6500.0,7346.0,5407.0,6399.0,6837.0,7596.0,6923.0,7744.0,6663.0,5570.0,74117.0
SAO CAETANO DO SUL,2019,9429.0,9353.0,5881.0,4876.0,5870.0,6467.0,7101.0,6486.0,7235.0,6277.0,77775.0
SAO CAETANO DO SUL,2020,3665.0,10336.0,7555.0,5432.0,4484.0,5408.0,5952.0,6659.0,6037.0,6819.0,82362.0
SAO CAETANO DO SUL,2021,4300.0,4152.0,7326.0,6863.0,5177.0,4206.0,5051.0,5632.0,6301.0,5738.0,87225.0
SAO CAETANO DO SUL,2022,4431.0,4665.0,4115.0,6955.0,6668.0,5019.0,4096.0,4899.0,5472.0,6053.0,91734.0
SAO JOSE DO RIO PRETO,2015,10450.0,17144.0,21134.0,20401.0,22889.0,20223.0,18134.0,21671.0,18514.0,14987.0,175326.0
SAO JOSE DO RIO PRETO,2016,9086.0,12942.0,17425.0,21186.0,20300.0,22515.0,19775.0,17667.0,21311.0,18255.0,188105.0
SAO JOSE DO RIO PRETO,2017,10853.0,11092.0,13404.0,17516.0,21164.0,20109.0,22119.0,19383.0,17311.0,20956.0,204292.0
SAO JOSE DO RIO PRETO,2018,12332.0,12892.0,11309.0,13534.0,17559.0,20866.0,19680.0,21464.0,19039.0,17100.0,223113.0
SAO JOSE DO RIO PRETO,2019,13243.0,14903.0,13088.0,11554.0,13651.0,17399.0,20351.0,19436.0,21083.0,18852.0,237541.0
SAO JOSE DO RIO PRETO,2020,8369.0,15344.0,14791.0,12750.0,11212.0,13223.0,16893.0,19676.0,18874.0,20534.0,252931.0
SAO JOSE DO RIO PRETO,2021,10123.0,10059.0,15709.0,14876.0,12663.0,11054.0,12981.0,16638.0,19329.0,18648.0,270190.0
SAO JOSE DO RIO PRETO,2022,9172.0,10964.0,10427.0,15809.0,14976.0,12662.0,10860.0,12860.0,16367.0,19081.0,287214.0
SAO JOSE DOS CAMPOS,2015,9551.0,17151.0,20540.0,20686.0,24647.0,23969.0,20505.0,23286.0,19395.0,14657.0,208409.0
SAO JOSE DOS CAMPOS,2016,7492.0,12893.0,18132.0,20719.0,20844.0,24636.0,23562.0,20283.0,22965.0,19092.0,220729.0
SAO JOSE DOS CAMPOS,2017,8511.0,10722.0,14091.0,18816.0,20976.0,20919.0,24489.0,23179.0,20062.0,22668.0,237306.0
SAO JOSE DOS CAMPOS,2018,10000.0,11802.0,11580.0,14473.0,19015.0,21037.0,20897.0,24176.0,22927.0,19701.0,257458.0
SAO JOSE DOS CAMPOS,2019,10246.0,13900.0,13154.0,11827.0,14590.0,19027.0,21001.0,20639.0,24054.0,22638.0,275418.0
SAO JOSE DOS CAMPOS,2020,6741.0,13376.0,14803.0,13133.0,11691.0,14253.0,18629.0,20609.0,20338.0,23708.0,295451.0
SAO JOSE DOS CAMPOS,2021,8317.0,8298.0,14942.0,15124.0,13084.0,11560.0,14082.0,18392.0,20573.0,20128.0,317286.0
SAO JOSE DOS CAMPOS,2022,7507.0,9347.0,9093.0,15548.0,15358.0,13158.0,11537.0,14050.0,18197.0,20431.0,335668.0
SAO PAULO,2015,218591.0,339766.0,397299.0,388713.0,459479.0,423910.0,365559.0,422263.0,359459.0,272480.0,3809602.0
SAO PAULO,2016,171680.0,279894.0,350698.0,397690.0,385593.0,455243.0,418172.0,360040.0,416921.0,355457.0,4080759.0
SAO PAULO,2017,203372.0,224603.0,290886.0,352796.0,395088.0,381690.0,449649.0,412180.0,354390.0,410252.0,4429019.0
SAO PAULO,2018,237829.0,259998.0,233528.0,289565.0,348837.0,389874.0,376437.0,442810.0,404947.0,347631.0,4831342.0
SAO PAULO,2019,248918.0,304293.0,269961.0,228832.0,284002.0,342399.0,383379.0,370025.0,435172.0,398175.0,5168337.0
SAO PAULO,2020,167867.0,308511.0,313627.0,265188.0,222591.0,279004.0,338453.0,378508.0,366250.0,431028.0,5557471.0
SAO PAULO,2021,207782.0,197765.0,316636.0,304758.0,254446.0,214825.0,270495.0,329259.0,368171.0,357057.0,5948185.0
SAO PAULO,2022,275888.0,228876.0,201289.0,315830.0,298069.0,248403.0,210874.0,266272.0,325249.0,363536.0,6283414.0
SAO SEBASTIAO,2015,1120.0,2067.0,2011.0,1926.0,2339.0,1974.0,1817.0,1918.0,1567.0,1294.0,13549.0
SAO SEBASTIAO,2016,974.0,1440.0,2095.0,2038.0,1971.0,2365.0,2030.0,1853.0,1939.0,1567.0,15075.0
SAO SEBASTIAO,2017,966.0,1238.0,1493.0,2137.0,2087.0,1995.0,2377.0,2053.0,1814.0,1951.0,16811.0
SAO SEBASTIAO,2018,1221.0,1214.0,1294.0,1510.0,2148.0,2075.0,1950.0,2335.0,2073.0,1801.0,18702.0
SAO SEBASTIAO,2019,1310.0,1568.0,1297.0,1324.0,1519.0,2140.0,2087.0,1968.0,2321.0,2102.0,20487.0
SAO SEBASTIAO,2020,895.0,1637.0,1674.0,1354.0,1332.0,1523.0,2102.0,2079.0,1954.0,2290.0,22585.0
SAO SEBASTIAO,2021,1107.0,1188.0,1740.0,1735.0,1406.0,1365.0,1612.0,2187.0,2158.0,2059.0,25226.0
SAO SEBASTIAO,2022,1045.0,1224.0,1222.0,1764.0,1788.0,1438.0,1374.0,1645.0,2173.0,2152.0,27422.0
SOROCABA,2015,14083.0,22925.0,27008.0,25170.0,30212.0,26100.0,20774.0,23146.0,20222.0,17062.0,211898.0
SOROCABA,2016,10400.0,17909.0,22700.0,26637.0,24702.0,29350.0,25373.0,20425.0,22829.0,19985.0,226910.0
SOROCABA,2017,11543.0,13915.0,18073.0,22477.0,25978.0,24123.0,28696.0,24879.0,20120.0,22696.0,245249.0
SOROCABA,2018,14318.0,14900.0,14120.0,17277.0,21362.0,25232.0,23657.0,28335.0,24402.0,20017.0,265758.0
SOROCABA,2019,14702.0,17966.0,15583.0,13745.0,16814.0,20975.0,24812.0,23392.0,28045.0,24153.0,283514.0
SOROCABA,2020,10324.0,17988.0,18647.0,15338.0,13257.0,16303.0,20453.0,24265.0,22866.0,27524.0,304390.0
SOROCABA,2021,13961.0,12705.0,19104.0,18768.0,15437.0,12930.0,16150.0,20115.0,23884.0,22660.0,330048.0
SOROCABA,2022,13118.0,15113.0,13127.0,19343.0,18742.0,15401.0,12848.0,16086.0,19999.0,23679.0,350666.0
TABOAO DA SERRA,2015,2602.0,4849.0,5906.0,6738.0,7703.0,7392.0,6203.0,7993.0,7175.0,5192.0,58993.0
TABOAO DA SERRA,2016,1958.0,3422.0,5141.0,6097.0,6649.0,7902.0,7509.0,6245.0,8062.0,7161.0,63795.0
TABOAO DA SERRA,2017,2459.0,2683.0,3809.0,5338.0,6214.0,6590.0,8012.0,7499.0,6276.0,8088.0,70637.0
TABOAO DA SERRA,2018,3010.0,3212.0,2899.0,3989.0,5326.0,6218.0,6493.0,7960.0,7501.0,6280.0,78047.0
TABOAO DA SERRA,2019,3476.0,4028.0,3568.0,3072.0,4157.0,5326.0,6299.0,6404.0,7970.0,7401.0,83604.0
TABOAO DA SERRA,2020,2314.0,4277.0,4348.0,3680.0,3218.0,4236.0,5381.0,6241.0,6364.0,7941.0,90014.0
TABOAO DA SERRA,2021,3119.0,2843.0,4604.0,4374.0,3818.0,3282.0,4355.0,5478.0,6249.0,6378.0,97487.0
TABOAO DA SERRA,2022,3039.0,3398.0,3024.0,4854.0,4504.0,3881.0,3319.0,4418.0,5608.0,6314.0,103765.0
TATUI,2015,2080.0,3438.0,4278.0,3883.0,4558.0,4080.0,3620.0,3742.0,3356.0,3265.0,39413.0
TATUI,2016,1646.0,2665.0,3471.0,4241.0,3874.0,4551.0,4043.0,3596.0,3723.0,3331.0,42731.0
TATUI,2017,2235.0,2112.0,2711.0,3425.0,4173.0,3865.0,4504.0,4019.0,3568.0,3742.0,46080.0
TATUI,2018,2582.0,2674.0,2213.0,2697.0,3403.0,4058.0,3853.0,4481.0,4005.0,3568.0,49903.0
TATUI,2019,2679.0,3129.0,2692.0,2187.0,2647.0,3395.0,4007.0,3845.0,4481.0,3986.0,53566.0
TATUI,2020,2061.0,3207.0,3145.0,2635.0,2141.0,2606.0,3315.0,3907.0,3827.0,4443.0,57474.0
TATUI,2021,2656.0,2435.0,3200.0,3137.0,2622.0,2091.0,2626.0,3305.0,3914.0,3847.0,62250.0
TATUI,2022,2879.0,2746.0,2426.0,3163.0,3070.0,2619.0,2071.0,2605.0,3318.0,3956.0,66108.0
TAUBATE,2015,4802.0,8680.0,10203.0,10448.0,11919.0,11325.0,10016.0,11957.0,10122.0,7375.0,102250.0
TAUBATE,2016,3765.0,6186.0,8957.0,10348.0,10409.0,11746.0,11045.0,9881.0,11766.0,10043.0,108728.0
TAUBATE,2017,4319.0,4981.0,6616.0,9091.0,10414.0,10324.0,11648.0,10843.0,9733.0,11632.0,118135.0
TAUBATE,2018,4987.0,5679.0,5356.0,6903.0,9367.0,10429.0,10426.0,11709.0,10943.0,9681.0,129187.0
TAUBATE,2019,5033.0,6452.0,6116.0,5551.0,7123.0,9481.0,10461.0,10480.0,11797.0,10883.0,137767.0
TAUBATE,2020,3356.0,6210.0,6767.0,6084.0,5551.0,7048.0,9323.0,10163.0,10253.0,11580.0,146791.0
TAUBATE,2021,3862.0,4174.0,6777.0,7001.0,6231.0,5574.0,7009.0,9135.0,10043.0,10129.0,156414.0
TAUBATE,2022,3505.0,4462.0,4514.0,7085.0,7084.0,6276.0,5562.0,6994.0,9014.0,9991.0,164946.0
